id,modulo,severidad,fase_deteccion,origen,fecha_introduccion,fecha_deteccion,fecha_resolucion,descripcion
D-01,cotizador,alta,revision,IA,2026-09-22 09:00,2026-09-22 11:30,2026-09-22 12:00,Medida negativa no se validaba
D-02,cotizador,media,pruebas,humano,2026-09-22 09:00,2026-09-23 10:00,2026-09-23 10:40,Area minima facturable no se aplicaba
D-03,ventas,critica,pruebas,humano,2026-09-24 16:00,2026-09-25 09:30,2026-09-25 11:00,Pedido cancelado seguia sumando al total vendido
D-04,ventas,media,revision,humano,2026-09-24 16:00,2026-09-24 18:00,2026-09-24 18:30,Transicion de estado permitia pasar de nuevo a entregado
D-05,repositorio,critica,pruebas,humano,2026-09-24 10:00,2026-09-25 14:00,2026-09-25 15:30,Archivo JSON corrupto cerraba el programa
D-06,catalogo,baja,revision,IA,2026-09-21 18:00,2026-09-22 08:30,2026-09-22 08:45,Clave de tipo sensible a mayusculas
D-07,soporte_ia,critica,pruebas,humano,2026-09-28 11:00,2026-09-29 09:00,2026-09-29 10:30,Falla del proveedor de IA detenia la respuesta
D-08,soporte_ia,alta,revision,IA,2026-09-28 11:00,2026-09-28 17:00,2026-09-28 18:00,Medidas con coma decimal no se interpretaban
D-09,soporte_ia,media,pruebas,humano,2026-09-28 11:00,2026-09-30 10:00,2026-09-30 11:00,Palabras con acento no se reconocian
D-10,soporte_ia,critica,produccion,humano,2026-09-29 12:00,2026-10-01 16:00,2026-10-02 09:00,Riesgo electrico clasificado con severidad media (detectado en demo)
